,TUCASEID,start_minute,stop_minute,TUTIER1CODE,TUACTIVITY_N
0,20170101170520,20,25,5,1
1,20170101170520,30,35,21,2
2,20170101170520,40,45,21,3
3,20170101170520,50,55,21,4
4,20170101170520,60,65,21,5
5,20170101170520,70,75,5,6
6,20170101170520,80,85,5,7
7,20170101170520,90,95,5,8
8,20170101170520,100,105,11,9
9,20170101170520,110,115,5,10
10,20170101170520,120,125,5,11
11,20170101170520,130,135,18,12
12,20170101170520,140,145,5,13
13,20170101170520,150,155,5,14
14,20170101170520,160,165,5,15
15,20170101170520,170,175,18,16
16,20170101170520,180,185,18,17
17,20170101170520,190,195,18,18
18,20170101170520,200,205,18,19
19,20170101170520,210,215,18,20
20,20170101170520,220,225,18,21
21,20170101170520,230,235,18,22
22,20170101170520,240,245,18,23
23,20170101170520,250,255,5,24
24,20170101170520,260,265,5,25
25,20170101170520,270,275,5,26
26,20170101170520,280,285,5,27
27,20170101170520,290,295,5,28
28,20170101170520,300,305,5,29
29,20170101170520,310,315,5,30
30,20170101170520,320,325,5,31
31,20170101170520,330,335,5,32
32,20170101170520,340,345,5,33
33,20170101170520,350,355,5,34
34,20170101170520,360,365,5,35
35,20170101170520,370,375,5,36
36,20170101170520,380,385,5,37
37,20170101170520,390,395,5,38
38,20170101170520,400,405,5,39
39,20170101170520,410,415,5,40
40,20170101170520,420,425,5,41
41,20170101170520,430,435,11,42
42,20170101170520,440,445,5,43
43,20170101170520,450,455,5,44
44,20170101170520,460,465,5,45
45,20170101170520,470,475,11,46
46,20170101170520,480,485,11,47
47,20170101170520,490,495,18,48
48,20170101170520,500,505,18,49
49,20170101170520,510,515,18,50
50,20170101170520,520,525,18,51
51,20170101170520,530,535,18,52
52,20170101170520,540,545,18,53
53,20170101170520,550,555,18,54
54,20170101170520,560,565,18,55
55,20170101170520,570,575,18,56
56,20170101170520,580,585,18,57
57,20170101170520,590,595,11,58
58,20170101170520,600,605,11,59
59,20170101170520,610,615,11,60
60,20170101170520,620,625,5,61
61,20170101170520,630,635,5,62
62,20170101170520,640,645,5,63
63,20170101170520,650,655,11,64
64,20170101170520,660,665,11,65
65,20170101170520,670,675,11,66
66,20170101170520,680,685,11,67
67,20170101170520,690,695,5,68
68,20170101170520,700,705,11,69
69,20170101170520,710,715,11,70
70,20170101170520,720,725,5,71
71,20170101170520,730,735,5,72
72,20170101170520,740,745,5,73
73,20170101170520,750,755,11,74
74,20170101170520,760,765,5,75
75,20170101170520,770,775,11,76
76,20170101170520,780,785,11,77
77,20170101170520,790,795,11,78
78,20170101170520,800,805,11,79
79,20170101170520,810,815,11,80
80,20170101170520,820,825,11,81
81,20170101170520,830,835,11,82
82,20170101170520,840,845,5,83
83,20170101170520,850,855,5,84
84,20170101170520,860,865,5,85
85,20170101170520,870,875,5,86
86,20170101170520,880,885,5,87
87,20170101170520,890,895,5,88
88,20170101170520,900,905,5,89
89,20170101170520,910,915,5,90
90,20170101170520,920,925,5,91
91,20170101170520,930,935,5,92
92,20170101170520,940,945,5,93
93,20170101170520,950,955,5,94
94,20170101170520,960,965,5,95
95,20170101170520,970,975,5,96
96,20170101170520,980,985,5,97
97,20170101170520,990,995,5,98
98,20170101170520,1000,1005,5,99
99,20170101170520,1010,1015,5,100
100,20170101170520,1020,1025,5,101
101,20170101170520,1030,1035,5,102
102,20170101170520,1040,1045,5,103
103,20170101170520,1050,1055,5,104
104,20170101170520,1060,1065,5,105
105,20170101170520,1070,1075,5,106
106,20170101170520,1080,1085,5,107
107,20170101170520,1090,1095,5,108
108,20170101170520,1100,1105,5,109
109,20170101170520,1110,1115,11,110
110,20170101170520,1120,1125,5,111
111,20170101170520,1130,1135,5,112
112,20170101170520,1140,1145,11,113
113,20170101170520,1150,1155,5,114
114,20170101170520,1160,1165,11,115
115,20170101170520,1170,1175,11,116
116,20170101170520,1180,1185,11,117
117,20170101170520,1190,1195,11,118
118,20170101170520,1200,1205,11,119
119,20170101170520,1210,1215,11,120
120,20170101170520,1220,1225,11,121
121,20170101170520,1230,1235,11,122
122,20170101170520,1240,1245,11,123
123,20170101170520,1250,1255,11,124
124,20170101170520,1260,1265,11,125
125,20170101170520,1270,1275,5,126
126,20170101170520,1280,1285,5,127
127,20170101170520,1290,1295,5,128
128,20170101170520,1300,1305,5,129
129,20170101170520,1310,1315,11,130
130,20170101170520,1320,1325,5,131
131,20170101170520,1330,1335,5,132
132,20170101170520,1340,1345,14,133
133,20170101170520,1350,1355,5,134
134,20170101170520,1360,1365,5,135
135,20170101170520,1370,1375,5,136
136,20170101170520,1380,1385,5,137
137,20170101170520,1390,1395,5,138
138,20170101170520,1400,1405,5,139
139,20170101170520,1410,1415,5,140
140,20170101170520,1420,1425,5,141
141,20170101170520,1430,1435,5,142
142,20170101170520,1440,1445,5,143
143,20170101170520,1450,1455,5,144
144,20170101170520,1460,1465,21,145
145,20170101170520,1470,1475,16,146
146,20170101170520,1480,1485,21,147
147,20170101170520,1490,1495,21,148
148,20170101170520,1500,1505,11,149
149,20170101170520,1510,1515,11,150
150,20170101170520,1520,1525,11,151
151,20170101170520,1530,1535,11,152
152,20170101170520,1540,1545,11,153
153,20170101170520,1550,1555,11,154
154,20170101170520,1560,1565,21,155
155,20170101170520,1570,1575,21,156
156,20170101170520,1580,1585,21,157
157,20170101170520,1590,1595,21,158
158,20170101170520,1600,1605,21,159
159,20170101170520,1610,1615,21,160
160,20170101170520,1620,1625,21,161
161,20170101170520,1630,1635,21,162
162,20170101170520,1640,1645,21,163
163,20170101170520,1650,1655,21,164
164,20170101170520,1660,1665,21,165
165,20170101170520,1670,1675,21,166
166,20170101170520,1680,1685,21,167
167,20170101170520,1690,1695,21,168
168,20170101170520,1700,1705,21,169
169,20170101170520,1710,1715,21,170
170,20170101170520,1720,1725,21,171
171,20170101170520,1730,1735,21,172
172,20170101170520,1740,1745,21,173
173,20170101170520,1750,1755,21,174
174,20170101170520,1760,1765,21,175
175,20170101170520,1770,1775,21,176
176,20170101170520,1780,1785,21,177
177,20170101170520,1790,1795,21,178
178,20170101170520,1800,1805,21,179
179,20170101170520,1810,1815,21,180
180,20170101170520,1820,1825,21,181
181,20170101170520,1830,1835,21,182
182,20170101170520,1840,1845,21,183
183,20170101170520,1850,1855,21,184
184,20170101170520,1860,1865,21,185
185,20170101170520,1870,1875,21,186
186,20170101170520,1880,1885,21,187
187,20170101170520,1890,1895,21,188
188,20170101170520,1900,1905,21,189
189,20170101170520,1910,1915,21,190
190,20170101170520,1920,1925,21,191
191,20170101170520,1930,1935,21,192
192,20170101170520,1940,1945,21,193
193,20170101170520,1950,1955,21,194
194,20170101170520,1960,1965,21,195
195,20170101170520,1970,1975,21,196
196,20170101170520,1980,1985,21,197
197,20170101170520,1990,1995,21,198
198,20170101170520,2000,2005,21,199
199,20170101170520,2010,2015,21,200
200,20170101170520,2020,2025,21,201
201,20170101170520,2030,2035,21,202
202,20170101170520,2040,2045,21,203
203,20170101170520,2050,2055,21,204
204,20170101170520,2060,2065,21,205
205,20170101170520,2070,2075,21,206
206,20170101170520,2080,2085,21,207
207,20170101170520,2090,2095,21,208
208,20170101170520,2100,2105,21,209
209,20170101170520,2110,2115,21,210
210,20170101170520,2120,2125,21,211
211,20170101170520,2130,2135,21,212
212,20170101170520,2140,2145,21,213
213,20170101170520,2150,2155,21,214
214,20170101170520,2160,2165,21,215
215,20170101170520,2170,2175,21,216
216,20170101170520,2180,2185,21,217
217,20170101170520,2190,2195,21,218
218,20170101170520,2200,2205,21,219
219,20170101170520,2210,2215,21,220
220,20170101170520,2220,2225,21,221
221,20170101170520,2230,2235,21,222
222,20170101170520,2240,2245,21,223
223,20170101170520,2250,2255,21,224
224,20170101170520,2260,2265,21,225
225,20170101170520,2270,2275,21,226
226,20170101170520,2280,2285,21,227
227,20170101170520,2290,2295,21,228
228,20170101170520,2300,2305,21,229
229,20170101170520,2310,2315,21,230
230,20170101170520,2320,2325,21,231
231,20170101170520,2330,2335,21,232
232,20170101170520,2340,2345,21,233
233,20170101170520,2350,2355,21,234
234,20170101170520,2360,2365,21,235
235,20170101170520,2370,2375,21,236
236,20170101170520,2380,2385,21,237
237,20170101170520,2390,2395,21,238
238,20170101170520,2400,2405,21,239
239,20170101170520,2410,2415,21,240
240,20170101170520,2420,2425,21,241
241,20170101170520,2430,2435,21,242
242,20170101170520,2440,2445,18,243
243,20170101170520,2450,2455,18,244
244,20170101170520,2460,2465,21,245
245,20170101170520,2470,2475,18,246
246,20170101170520,2480,2485,18,247
247,20170101170520,2490,2495,21,248
248,20170101170520,2500,2505,18,249
249,20170101170520,2510,2515,18,250
250,20170101170520,2520,2525,18,251
251,20170101170520,2530,2535,18,252
252,20170101170520,2540,2545,18,253
253,20170101170520,2550,2555,18,254
254,20170101170520,2560,2565,18,255
255,20170101170520,2570,2575,18,256
256,20170101170520,2580,2585,18,257
257,20170101170520,2590,2595,18,258
258,20170101170520,2600,2605,18,259
259,20170101170520,2610,2615,18,260
260,20170101170520,2620,2625,11,261
261,20170101170520,2630,2635,11,262
262,20170101170520,2640,2645,18,263
263,20170101170520,2650,2655,11,264
264,20170101170520,2660,2665,11,265
265,20170101170520,2670,2675,11,266
266,20170101170520,2680,2685,11,267
267,20170101170520,2690,2695,11,268
268,20170101170520,2700,2705,21,269
269,20170101170520,2710,2715,21,270
270,20170101170520,2720,2725,11,271
271,20170101170520,2730,2735,11,272
272,20170101170520,2740,2745,11,273
273,20170101170520,2750,2755,11,274
274,20170101170520,2760,2765,11,275
275,20170101170520,2770,2775,18,276
276,20170101170520,2780,2785,18,277
277,20170101170520,2790,2795,18,278
278,20170101170520,2800,2805,18,279
279,20170101170520,2810,2815,18,280
280,20170101170520,2820,2825,18,281
281,20170101170520,2830,2835,18,282
282,20170101170520,2840,2845,18,283
283,20170101170520,2850,2855,18,284
284,20170101170520,2860,2865,18,285
285,20170101170520,2870,2875,18,286
286,20170101170520,2880,2885,18,287
287,20170101170520,2890,2895,18,288
288,20170101170520,2900,2905,18,289
289,20170101170520,2910,2915,18,290
290,20170101170520,2920,2925,18,291
291,20170101170520,2930,2935,18,292
292,20170101170520,2940,2945,18,293
293,20170101170520,2950,2955,21,294
294,20170101170520,2960,2965,21,295
295,20170101170520,2970,2975,21,296
296,20170101170520,2980,2985,21,297
297,20170101170520,2990,2995,21,298
298,20170101170520,3000,3005,21,299
299,20170101170520,3010,3015,21,300
300,20170101170520,3020,3025,18,301
301,20170101170520,3030,3035,18,302
302,20170101170520,3040,3045,18,303
303,20170101170520,3050,3055,18,304
304,20170101170520,3060,3065,18,305
305,20170101170520,3070,3075,18,306
306,20170101170520,3080,3085,18,307
307,20170101170520,3090,3095,18,308
308,20170101170520,3100,3105,18,309
309,20170101170520,3110,3115,18,310
310,20170101170520,3120,3125,18,311
311,20170101170520,3130,3135,18,312
312,20170101170520,3140,3145,18,313
313,20170101170520,3150,3155,5,314
314,20170101170520,3160,3165,5,315
315,20170101170520,3170,3175,5,316
316,20170101170520,3180,3185,5,317
317,20170101170520,3190,3195,5,318
318,20170101170520,3200,3205,18,319
319,20170101170520,3210,3215,5,320
320,20170101170520,3220,3225,18,321
321,20170101170520,3230,3235,18,322
322,20170101170520,3240,3245,18,323
323,20170101170520,3250,3255,18,324
324,20170101170520,3260,3265,18,325
325,20170101170520,3270,3275,18,326
326,20170101170520,3280,3285,18,327
327,20170101170520,3290,3295,18,328
328,20170101170520,3300,3305,18,329
329,20170101170520,3310,3315,18,330
330,20170101170520,3320,3325,18,331
331,20170101170520,3330,3335,18,332
332,20170101170520,3340,3345,18,333
333,20170101170520,3350,3355,18,334
334,20170101170520,3360,3365,18,335
335,20170101170520,3370,3375,18,336
336,20170101170520,3380,3385,18,337
337,20170101170520,3390,3395,18,338
338,20170101170520,3400,3405,18,339
339,20170101170520,3410,3415,18,340
340,20170101170520,3420,3425,18,341
341,20170101170520,3430,3435,18,342
342,20170101170520,3440,3445,18,343
343,20170101170520,3450,3455,18,344
344,20170101170520,3460,3465,18,345
345,20170101170520,3470,3475,18,346
346,20170101170520,3480,3485,18,347
347,20170101170520,3490,3495,18,348
348,20170101170520,3500,3505,18,349
349,20170101170520,3510,3515,18,350
350,20170101170520,3520,3525,18,351
351,20170101170520,3530,3535,18,352
352,20170101170520,3540,3545,18,353
353,20170101170520,3550,3555,18,354
354,20170101170520,3560,3565,18,355
355,20170101170520,3570,3575,11,356
356,20170101170520,3580,3585,11,357
357,20170101170520,3590,3595,21,358
358,20170101170520,3600,3605,11,359
359,20170101170520,3610,3615,11,360
360,20170101170520,3620,3625,11,361
361,20170101170520,3630,3635,11,362
362,20170101170520,3640,3645,11,363
363,20170101170520,3650,3655,11,364
364,20170101170520,3660,3665,11,365
365,20170101170520,3670,3675,11,366
366,20170101170520,3680,3685,11,367
367,20170101170520,3690,3695,11,368
368,20170101170520,3700,3705,11,369
369,20170101170520,3710,3715,11,370
370,20170101170520,3720,3725,11,371
371,20170101170520,3730,3735,11,372
372,20170101170520,3740,3745,11,373
373,20170101170520,3750,3755,11,374
374,20170101170520,3760,3765,11,375
375,20170101170520,3770,3775,11,376
376,20170101170520,3780,3785,11,377
377,20170101170520,3790,3795,11,378
378,20170101170520,3800,3805,11,379
379,20170101170520,3810,3815,21,380
380,20170101170520,3820,3825,11,381
381,20170101170520,3830,3835,11,382
382,20170101170520,3840,3845,11,383
383,20170101170520,3850,3855,11,384
384,20170101170520,3860,3865,11,385
385,20170101170520,3870,3875,11,386
386,20170101170520,3880,3885,11,387
387,20170101170520,3890,3895,11,388
388,20170101170520,3900,3905,11,389
389,20170101170520,3910,3915,11,390
390,20170101170520,3920,3925,11,391
391,20170101170520,3930,3935,11,392
392,20170101170520,3940,3945,11,393
393,20170101170520,3950,3955,11,394
394,20170101170520,3960,3965,11,395
395,20170101170520,3970,3975,11,396
396,20170101170520,3980,3985,11,397
397,20170101170520,3990,3995,11,398
398,20170101170520,4000,4005,11,399
399,20170101170520,4010,4015,11,400
400,20170101170520,4020,4025,11,401
401,20170101170520,4030,4035,11,402
402,20170101170520,4040,4045,11,403
403,20170101170520,4050,4055,11,404
404,20170101170520,4060,4065,11,405
405,20170101170520,4070,4075,11,406
406,20170101170520,4080,4085,11,407
407,20170101170520,4090,4095,21,408
408,20170101170520,4100,4105,21,409
409,20170101170520,4110,4115,11,410
410,20170101170520,4120,4125,11,411
411,20170101170520,4130,4135,11,412
412,20170101170520,4140,4145,11,413
413,20170101170520,4150,4155,11,414
414,20170101170520,4160,4165,11,415
415,20170101170520,4170,4175,11,416
416,20170101170520,4180,4185,21,417
417,20170101170520,4190,4195,21,418
418,20170101170520,4200,4205,21,419
419,20170101170520,4210,4215,21,420
420,20170101170520,4220,4225,21,421
421,20170101170520,4230,4235,21,422
422,20170101170520,4240,4245,21,423
423,20170101170520,4250,4255,21,424
424,20170101170520,4260,4265,21,425
425,20170101170520,4270,4275,21,426
426,20170101170520,4280,4285,21,427
427,20170101170520,4290,4295,21,428
428,20170101170520,4300,4305,21,429
429,20170101170520,4310,4315,21,430
430,20170101170520,4320,4325,11,431
431,20170101170520,4330,4335,11,432
432,20170101170520,4340,4345,21,433
433,20170101170520,4350,4355,21,434
434,20170101170520,4360,4365,21,435
435,20170101170520,4370,4375,21,436
436,20170101170520,4380,4385,21,437
437,20170101170520,4390,4395,11,438
438,20170101170520,4400,4405,11,439
439,20170101170520,4410,4415,11,440
440,20170101170520,4420,4425,11,441
441,20170101170520,4430,4435,11,442
442,20170101170520,4440,4445,11,443
443,20170101170520,4450,4455,11,444
444,20170101170520,4460,4465,11,445
445,20170101170520,4470,4475,11,446
446,20170101170520,4480,4485,11,447
447,20170101170520,4490,4495,11,448
448,20170101170520,4500,4505,18,449
449,20170101170520,4510,4515,11,450
450,20170101170520,4520,4525,11,451
451,20170101170520,4530,4535,11,452
452,20170101170520,4540,4545,11,453
453,20170101170520,4550,4555,11,454
454,20170101170520,4560,4565,11,455
455,20170101170520,4570,4575,11,456
456,20170101170520,4580,4585,11,457
457,20170101170520,4590,4595,11,458
458,20170101170520,4600,4605,21,459
459,20170101170520,4610,4615,11,460
460,20170101170520,4620,4625,11,461
461,20170101170520,4630,4635,11,462
462,20170101170520,4640,4645,21,463
463,20170101170520,4650,4655,21,464
464,20170101170520,4660,4665,21,465
465,20170101170520,4670,4675,21,466
466,20170101170520,4680,4685,21,467
467,20170101170520,4690,4695,21,468
468,20170101170520,4700,4705,21,469
469,20170101170520,4710,4715,21,470
470,20170101170520,4720,4725,21,471
471,20170101170520,4730,4735,21,472
472,20170101170520,4740,4745,21,473
473,20170101170520,4750,4755,21,474
474,20170101170520,4760,4765,21,475
475,20170101170520,4770,4775,11,476
476,20170101170520,4780,4785,21,477
477,20170101170520,4790,4795,11,478
478,20170101170520,4800,4805,21,479
479,20170101170520,4810,4815,11,480
480,20170101170520,4820,4825,11,481
481,20170101170520,4830,4835,11,482
482,20170101170520,4840,4845,11,483
483,20170101170520,4850,4855,11,484
484,20170101170520,4860,4865,21,485
485,20170101170520,4870,4875,21,486
486,20170101170520,4880,4885,21,487
487,20170101170520,4890,4895,21,488
488,20170101170520,4900,4905,21,489
489,20170101170520,4910,4915,21,490
490,20170101170520,4920,4925,21,491
491,20170101170520,4930,4935,11,492
492,20170101170520,4940,4945,11,493
493,20170101170520,4950,4955,11,494
494,20170101170520,4960,4965,11,495
495,20170101170520,4970,4975,11,496
496,20170101170520,4980,4985,11,497
497,20170101170520,4990,4995,11,498
498,20170101170520,5000,5005,11,499
499,20170101170520,5010,5015,11,500
500,20170101170520,5020,5025,11,501
501,20170101170520,5030,5035,11,502
502,20170101170520,5040,5045,11,503
503,20170101170520,5050,5055,11,504
504,20170101170520,5060,5065,11,505
505,20170101170520,5070,5075,11,506
506,20170101170520,5080,5085,11,507
507,20170101170520,5090,5095,11,508
508,20170101170520,5100,5105,11,509
509,20170101170520,5110,5115,11,510
510,20170101170520,5120,5125,11,511
511,20170101170520,5130,5135,11,512
512,20170101170520,5140,5145,21,513
513,20170101170520,5150,5155,21,514
514,20170101170520,5160,5165,21,515
515,20170101170520,5170,5175,21,516
516,20170101170520,5180,5185,21,517
517,20170101170520,5190,5195,21,518
518,20170101170520,5200,5205,21,519
519,20170101170520,5210,5215,21,520
520,20170101170520,5220,5225,11,521
521,20170101170520,5230,5235,11,522
522,20170101170520,5240,5245,11,523
523,20170101170520,5250,5255,11,524
524,20170101170520,5260,5265,21,525
525,20170101170520,5270,5275,11,526
526,20170101170520,5280,5285,11,527
527,20170101170520,5290,5295,11,528
528,20170101170520,5300,5305,11,529
529,20170101170520,5310,5315,11,530
530,20170101170520,5320,5325,11,531
531,20170101170520,5330,5335,11,532
532,20170101170520,5340,5345,11,533
533,20170101170520,5350,5355,11,534
534,20170101170520,5360,5365,11,535
535,20170101170520,5370,5375,11,536
536,20170101170520,5380,5385,11,537
537,20170101170520,5390,5395,11,538
538,20170101170520,5400,5405,11,539
539,20170101170520,5410,5415,11,540
540,20170101170520,5420,5425,11,541
541,20170101170520,5430,5435,11,542
542,20170101170520,5440,5445,5,543
543,20170101170520,5450,5455,21,544
544,20170101170520,5460,5465,11,545
545,20170101170520,5470,5475,11,546
546,20170101170520,5480,5485,21,547
547,20170101170520,5490,5495,11,548
548,20170101170520,5500,5505,11,549
549,20170101170520,5510,5515,11,550
550,20170101170520,5520,5525,21,551
551,20170101170520,5530,5535,11,552
552,20170101170520,5540,5545,21,553
553,20170101170520,5550,5555,11,554
554,20170101170520,5560,5565,11,555
555,20170101170520,5570,5575,11,556
556,20170101170520,5580,5585,11,557
557,20170101170520,5590,5595,5,558
558,20170101170520,5600,5605,5,559
559,20170101170520,5610,5615,5,560
560,20170101170520,5620,5625,5,561
561,20170101170520,5630,5635,5,562
562,20170101170520,5640,5645,5,563
563,20170101170520,5650,5655,5,564
564,20170101170520,5660,5665,5,565
565,20170101170520,5670,5675,5,566
566,20170101170520,5680,5685,5,567
567,20170101170520,5690,5695,5,568
568,20170101170520,5700,5705,5,569
569,20170101170520,5710,5715,5,570
570,20170101170520,5720,5725,5,571
571,20170101170520,5730,5735,5,572
572,20170101170520,5740,5745,5,573
573,20170101170520,5750,5755,5,574
574,20170101170520,5760,5765,5,575
575,20170101170520,5770,5775,5,576
576,20170101170520,5780,5785,5,577
577,20170101170520,5790,5795,11,578
578,20170101170520,5800,5805,11,579
579,20170101170520,5810,5815,11,580
580,20170101170520,5820,5825,11,581
581,20170101170520,5830,5835,11,582
582,20170101170520,5840,5845,5,583
583,20170101170520,5850,5855,5,584
584,20170101170520,5860,5865,5,585
585,20170101170520,5870,5875,5,586
586,20170101170520,5880,5885,5,587
587,20170101170520,5890,5895,5,588
588,20170101170520,5900,5905,5,589
589,20170101170520,5910,5915,5,590
590,20170101170520,5920,5925,5,591
591,20170101170520,5930,5935,5,592
592,20170101170520,5940,5945,5,593
593,20170101170520,5950,5955,5,594
594,20170101170520,5960,5965,5,595
595,20170101170520,5970,5975,5,596
596,20170101170520,5980,5985,5,597
597,20170101170520,5990,5995,5,598
598,20170101170520,6000,6005,5,599
599,20170101170520,6010,6015,5,600
600,20170101170520,6020,6025,5,601
601,20170101170520,6030,6035,5,602
602,20170101170520,6040,6045,5,603
603,20170101170520,6050,6055,5,604
604,20170101170520,6060,6065,5,605
605,20170101170520,6070,6075,5,606
606,20170101170520,6080,6085,5,607
607,20170101170520,6090,6095,5,608
608,20170101170520,6100,6105,5,609
609,20170101170520,6110,6115,5,610
610,20170101170520,6120,6125,4,611
611,20170101170520,6130,6135,4,612
612,20170101170520,6140,6145,4,613
613,20170101170520,6150,6155,4,614
614,20170101170520,6160,6165,21,615
615,20170101170520,6170,6175,21,616
616,20170101170520,6180,6185,21,617
617,20170101170520,6190,6195,21,618
618,20170101170520,6200,6205,21,619
619,20170101170520,6210,6215,21,620
620,20170101170520,6220,6225,21,621
621,20170101170520,6230,6235,21,622
622,20170101170520,6240,6245,21,623
623,20170101170520,6250,6255,21,624
624,20170101170520,6260,6265,21,625
625,20170101170520,6270,6275,21,626
626,20170101170520,6280,6285,21,627
627,20170101170520,6290,6295,21,628
628,20170101170520,6300,6305,21,629
629,20170101170520,6310,6315,4,630
630,20170101170520,6320,6325,21,631
631,20170101170520,6330,6335,21,632
632,20170101170520,6340,6345,21,633
633,20170101170520,6350,6355,21,634
634,20170101170520,6360,6365,21,635
635,20170101170520,6370,6375,21,636
636,20170101170520,6380,6385,21,637
637,20170101170520,6390,6395,21,638
638,20170101170520,6400,6405,21,639
639,20170101170520,6410,6415,21,640
640,20170101170520,6420,6425,21,641
641,20170101170520,6430,6435,21,642
642,20170101170520,6440,6445,21,643
643,20170101170520,6450,6455,21,644
644,20170101170520,6460,6465,21,645
645,20170101170520,6470,6475,21,646
646,20170101170520,6480,6485,21,647
647,20170101170520,6490,6495,21,648
648,20170101170520,6500,6505,21,649
649,20170101170520,6510,6515,21,650
650,20170101170520,6520,6525,21,651
651,20170101170520,6530,6535,21,652
652,20170101170520,6540,6545,21,653
653,20170101170520,6550,6555,4,654
654,20170101170520,6560,6565,4,655
655,20170101170520,6570,6575,4,656
656,20170101170520,6580,6585,4,657
657,20170101170520,6590,6595,4,658
658,20170101170520,6600,6605,4,659
659,20170101170520,6610,6615,4,660
660,20170101170520,6620,6625,4,661
661,20170101170520,6630,6635,4,662
662,20170101170520,6640,6645,4,663
663,20170101170520,6650,6655,4,664
664,20170101170520,6660,6665,4,665
665,20170101170520,6670,6675,4,666
666,20170101170520,6680,6685,4,667
667,20170101170520,6690,6695,4,668
668,20170101170520,6700,6705,4,669
669,20170101170520,6710,6715,4,670
670,20170101170520,6720,6725,4,671
671,20170101170520,6730,6735,4,672
672,20170101170520,6740,6745,4,673
673,20170101170520,6750,6755,4,674
674,20170101170520,6760,6765,4,675
675,20170101170520,6770,6775,4,676
676,20170101170520,6780,6785,4,677
677,20170101170520,6790,6795,4,678
678,20170101170520,6800,6805,4,679
679,20170101170520,6810,6815,21,680
680,20170101170520,6820,6825,21,681
681,20170101170520,6830,6835,21,682
682,20170101170520,6840,6845,21,683
683,20170101170520,6850,6855,21,684
684,20170101170520,6860,6865,21,685
685,20170101170520,6870,6875,21,686
686,20170101170520,6880,6885,21,687
687,20170101170520,6890,6895,21,688
688,20170101170520,6900,6905,21,689
689,20170101170520,6910,6915,21,690
690,20170101170520,6920,6925,21,691
691,20170101170520,6930,6935,21,692
692,20170101170520,6940,6945,21,693
693,20170101170520,6950,6955,21,694
694,20170101170520,6960,6965,21,695
695,20170101170520,6970,6975,21,696
696,20170101170520,6980,6985,21,697
697,20170101170520,6990,6995,21,698
698,20170101170520,7000,7005,21,699
699,20170101170520,7010,7015,21,700
700,20170101170520,7020,7025,21,701
701,20170101170520,7030,7035,21,702
702,20170101170520,7040,7045,21,703
703,20170101170520,7050,7055,21,704
704,20170101170520,7060,7065,21,705
705,20170101170520,7070,7075,21,706
706,20170101170520,7080,7085,21,707
707,20170101170520,7090,7095,21,708
708,20170101170520,7100,7105,21,709
709,20170101170520,7110,7115,21,710
710,20170101170520,7120,7125,21,711
711,20170101170520,7130,7135,21,712
712,20170101170520,7140,7145,21,713
713,20170101170520,7150,7155,21,714
714,20170101170520,7160,7165,21,715
715,20170101170520,7170,7175,21,716
716,20170101170520,7180,7185,21,717
717,20170101170520,7190,7195,21,718
718,20170101170520,7200,7205,21,719
719,20170101170520,7210,7215,21,720
720,20170101170520,7220,7225,21,721
721,20170101170520,7230,7235,21,722
722,20170101170520,7240,7245,21,723
723,20170101170520,7250,7255,21,724
724,20170101170520,7260,7265,21,725
725,20170101170520,7270,7275,21,726
726,20170101170520,7280,7285,21,727
727,20170101170520,7290,7295,21,728
728,20170101170520,7300,7305,21,729
729,20170101170520,7310,7315,21,730
730,20170101170520,7320,7325,21,731
731,20170101170520,7330,7335,21,732
732,20170101170520,7340,7345,21,733
733,20170101170520,7350,7355,21,734
734,20170101170520,7360,7365,21,735
735,20170101170520,7370,7375,21,736
736,20170101170520,7380,7385,21,737
737,20170101170520,7390,7395,21,738
738,20170101170520,7400,7405,21,739
739,20170101170520,7410,7415,21,740
740,20170101170520,7420,7425,21,741
741,20170101170520,7430,7435,21,742
742,20170101170520,7440,7445,21,743
743,20170101170520,7450,7455,21,744
744,20170101170520,7460,7465,21,745
745,20170101170520,7470,7475,21,746
746,20170101170520,7480,7485,21,747
747,20170101170520,7490,7495,21,748
748,20170101170520,7500,7505,21,749
749,20170101170520,7510,7515,21,750
750,20170101170520,7520,7525,21,751
751,20170101170520,7530,7535,21,752
752,20170101170520,7540,7545,22,753
753,20170101170520,7550,7555,22,754
754,20170101170520,7560,7565,22,755
755,20170101170520,7570,7575,22,756
756,20170101170520,7580,7585,22,757
757,20170101170520,7590,7595,22,758
758,20170101170520,7600,7605,22,759
759,20170101170520,7610,7615,22,760
760,20170101170520,7620,7625,22,761
761,20170101170520,7630,7635,22,762
762,20170101170520,7640,7645,22,763
763,20170101170520,7650,7655,22,764
764,20170101170520,7660,7665,22,765
765,20170101170520,7670,7675,22,766
766,20170101170520,7680,7685,22,767
767,20170101170520,7690,7695,22,768
768,20170101170520,7700,7705,22,769
769,20170101170520,7710,7715,22,770
770,20170101170520,7720,7725,22,771
771,20170101170520,7730,7735,22,772
772,20170101170520,7740,7745,22,773
773,20170101170520,7750,7755,22,774
774,20170101170520,7760,7765,22,775
775,20170101170520,7770,7775,22,776
776,20170101170520,7780,7785,22,777
777,20170101170520,7790,7795,22,778
778,20170101170520,7800,7805,22,779
779,20170101170520,7810,7815,22,780
780,20170101170520,7820,7825,22,781
781,20170101170520,7830,7835,22,782
782,20170101170520,7840,7845,22,783
783,20170101170520,7850,7855,22,784
784,20170101170520,7860,7865,22,785
785,20170101170520,7870,7875,22,786
786,20170101170520,7880,7885,22,787
787,20170101170520,7890,7895,22,788
788,20170101170520,7900,7905,22,789
789,20170101170520,7910,7915,22,790
790,20170101170520,7920,7925,22,791
791,20170101170520,7930,7935,22,792
792,20170101170520,7940,7945,22,793
793,20170101170520,7950,7955,22,794
794,20170101170520,7960,7965,22,795
795,20170101170520,7970,7975,22,796
796,20170101170520,7980,7985,22,797
797,20170101170520,7990,7995,22,798
798,20170101170520,8000,8005,22,799
799,20170101170520,8010,8015,22,800
800,20170101170520,8020,8025,22,801
801,20170101170520,8030,8035,22,802
802,20170101170520,8040,8045,22,803
803,20170101170520,8050,8055,22,804
804,20170101170520,8060,8065,22,805
805,20170101170520,8070,8075,22,806
806,20170101170520,8080,8085,22,807
807,20170101170520,8090,8095,22,808
808,20170101170520,8100,8105,20,809
809,20170101170520,8110,8115,20,810
810,20170101170520,8120,8125,20,811
811,20170101170520,8130,8135,20,812
812,20170101170520,8140,8145,20,813
813,20170101170520,8150,8155,20,814
814,20170101170520,8160,8165,20,815
815,20170101170520,8170,8175,20,816
816,20170101170520,8180,8185,20,817
817,20170101170520,8190,8195,20,818
818,20170101170520,8200,8205,20,819
819,20170101170520,8210,8215,20,820
820,20170101170520,8220,8225,20,821
821,20170101170520,8230,8235,20,822
822,20170101170520,8240,8245,20,823
823,20170101170521,20,25,21,1
824,20170101170521,30,35,5,2
825,20170101170521,40,45,5,3
826,20170101170521,50,55,5,4
827,20170101170521,60,65,5,5
828,20170101170521,70,75,21,6
829,20170101170521,80,85,5,7
830,20170101170521,90,95,5,8
831,20170101170521,100,105,5,9
832,20170101170521,110,115,11,10
833,20170101170521,120,125,18,11
834,20170101170521,130,135,5,12
835,20170101170521,140,145,18,13
836,20170101170521,150,155,18,14
837,20170101170521,160,165,18,15
838,20170101170521,170,175,5,16
839,20170101170521,180,185,5,17
840,20170101170521,190,195,5,18
841,20170101170521,200,205,5,19
842,20170101170521,210,215,5,20
843,20170101170521,220,225,5,21
844,20170101170521,230,235,11,22
845,20170101170521,240,245,11,23
846,20170101170521,250,255,11,24
847,20170101170521,260,265,11,25
848,20170101170521,270,275,5,26
849,20170101170521,280,285,11,27
850,20170101170521,290,295,11,28
851,20170101170521,300,305,11,29
852,20170101170521,310,315,5,30
853,20170101170521,320,325,5,31
854,20170101170521,330,335,5,32
855,20170101170521,340,345,5,33
856,20170101170521,350,355,5,34
857,20170101170521,360,365,5,35
858,20170101170521,370,375,5,36
859,20170101170521,380,385,5,37
860,20170101170521,390,395,5,38
861,20170101170521,400,405,5,39
862,20170101170521,410,415,5,40
863,20170101170521,420,425,5,41
864,20170101170521,430,435,5,42
865,20170101170521,440,445,5,43
866,20170101170521,450,455,5,44
867,20170101170521,460,465,11,45
868,20170101170521,470,475,11,46
869,20170101170521,480,485,11,47
870,20170101170521,490,495,5,48
871,20170101170521,500,505,5,49
872,20170101170521,510,515,5,50
873,20170101170521,520,525,5,51
874,20170101170521,530,535,11,52
875,20170101170521,540,545,5,53
876,20170101170521,550,555,5,54
877,20170101170521,560,565,11,55
878,20170101170521,570,575,11,56
879,20170101170521,580,585,11,57
880,20170101170521,590,595,5,58
881,20170101170521,600,605,11,59
882,20170101170521,610,615,5,60
883,20170101170521,620,625,5,61
884,20170101170521,630,635,5,62
885,20170101170521,640,645,5,63
886,20170101170521,650,655,5,64
887,20170101170521,660,665,5,65
888,20170101170521,670,675,5,66
889,20170101170521,680,685,11,67
890,20170101170521,690,695,11,68
891,20170101170521,700,705,11,69
892,20170101170521,710,715,11,70
893,20170101170521,720,725,11,71
894,20170101170521,730,735,11,72
895,20170101170521,740,745,11,73
896,20170101170521,750,755,11,74
897,20170101170521,760,765,11,75
898,20170101170521,770,775,11,76
899,20170101170521,780,785,11,77
900,20170101170521,790,795,11,78
901,20170101170521,800,805,11,79
902,20170101170521,810,815,11,80
903,20170101170521,820,825,11,81
904,20170101170521,830,835,11,82
905,20170101170521,840,845,11,83
906,20170101170521,850,855,11,84
907,20170101170521,860,865,11,85
908,20170101170521,870,875,11,86
909,20170101170521,880,885,11,87
910,20170101170521,890,895,11,88
911,20170101170521,900,905,11,89
912,20170101170521,910,915,11,90
913,20170101170521,920,925,5,91
914,20170101170521,930,935,11,92
915,20170101170521,940,945,11,93
916,20170101170521,950,955,5,94
917,20170101170521,960,965,11,95
918,20170101170521,970,975,5,96
919,20170101170521,980,985,5,97
920,20170101170521,990,995,5,98
921,20170101170521,1000,1005,5,99
922,20170101170521,1010,1015,5,100
923,20170101170521,1020,1025,5,101
924,20170101170521,1030,1035,5,102
925,20170101170521,1040,1045,5,103
926,20170101170521,1050,1055,5,104
927,20170101170521,1060,1065,5,105
928,20170101170521,1070,1075,5,106
929,20170101170521,1080,1085,11,107
930,20170101170521,1090,1095,11,108
931,20170101170521,1100,1105,11,109
932,20170101170521,1110,1115,11,110
933,20170101170521,1120,1125,5,111
934,20170101170521,1130,1135,11,112
935,20170101170521,1140,1145,11,113
936,20170101170521,1150,1155,5,114
937,20170101170521,1160,1165,11,115
938,20170101170521,1170,1175,11,116
939,20170101170521,1180,1185,11,117
940,20170101170521,1190,1195,14,118
941,20170101170521,1200,1205,14,119
942,20170101170521,1210,1215,21,120
943,20170101170521,1220,1225,16,121
944,20170101170521,1230,1235,16,122
945,20170101170521,1240,1245,21,123
946,20170101170521,1250,1255,16,124
947,20170101170521,1260,1265,21,125
948,20170101170521,1270,1275,16,126
949,20170101170521,1280,1285,11,127
950,20170101170521,1290,1295,21,128
951,20170101170521,1300,1305,21,129
952,20170101170521,1310,1315,21,130
953,20170101170521,1320,1325,21,131
954,20170101170521,1330,1335,21,132
955,20170101170521,1340,1345,21,133
956,20170101170521,1350,1355,11,134
957,20170101170521,1360,1365,11,135
958,20170101170521,1370,1375,11,136
959,20170101170521,1380,1385,5,137
960,20170101170521,1390,1395,11,138
961,20170101170521,1400,1405,5,139
962,20170101170521,1410,1415,5,140
963,20170101170521,1420,1425,5,141
964,20170101170521,1430,1435,14,142
965,20170101170521,1440,1445,14,143
966,20170101170521,1450,1455,14,144
967,20170101170521,1460,1465,5,145
968,20170101170521,1470,1475,5,146
969,20170101170521,1480,1485,5,147
970,20170101170521,1490,1495,14,148
971,20170101170521,1500,1505,14,149
972,20170101170521,1510,1515,14,150
973,20170101170521,1520,1525,14,151
974,20170101170521,1530,1535,5,152
975,20170101170521,1540,1545,5,153
976,20170101170521,1550,1555,5,154
977,20170101170521,1560,1565,5,155
978,20170101170521,1570,1575,5,156
979,20170101170521,1580,1585,5,157
980,20170101170521,1590,1595,5,158
981,20170101170521,1600,1605,11,159
982,20170101170521,1610,1615,18,160
983,20170101170521,1620,1625,18,161
984,20170101170521,1630,1635,11,162
985,20170101170521,1640,1645,11,163
986,20170101170521,1650,1655,11,164
987,20170101170521,1660,1665,11,165
988,20170101170521,1670,1675,18,166
989,20170101170521,1680,1685,11,167
990,20170101170521,1690,1695,11,168
991,20170101170521,1700,1705,11,169
992,20170101170521,1710,1715,5,170
993,20170101170521,1720,1725,5,171
994,20170101170521,1730,1735,5,172
995,20170101170521,1740,1745,5,173
996,20170101170521,1750,1755,5,174
997,20170101170521,1760,1765,5,175
998,20170101170521,1770,1775,5,176
999,20170101170521,1780,1785,5,177
1000,20170101170521,1790,1795,5,178
1001,20170101170521,1800,1805,5,179
1002,20170101170521,1810,1815,5,180
1003,20170101170521,1820,1825,5,181
1004,20170101170521,1830,1835,6,182
1005,20170101170521,1840,1845,6,183
1006,20170101170521,1850,1855,6,184
1007,20170101170521,1860,1865,18,185
1008,20170101170521,1870,1875,18,186
1009,20170101170521,1880,1885,18,187
1010,20170101170521,1890,1895,18,188
1011,20170101170521,1900,1905,18,189
1012,20170101170521,1910,1915,18,190
1013,20170101170521,1920,1925,18,191
1014,20170101170521,1930,1935,18,192
1015,20170101170521,1940,1945,18,193
1016,20170101170521,1950,1955,18,194
1017,20170101170521,1960,1965,18,195
1018,20170101170521,1970,1975,18,196
1019,20170101170521,1980,1985,6,197
1020,20170101170521,1990,1995,11,198
1021,20170101170521,2000,2005,11,199
1022,20170101170521,2010,2015,11,200
1023,20170101170521,2020,2025,11,201
1024,20170101170521,2030,2035,18,202
1025,20170101170521,2040,2045,18,203
1026,20170101170521,2050,2055,18,204
1027,20170101170521,2060,2065,18,205
1028,20170101170521,2070,2075,18,206
1029,20170101170521,2080,2085,18,207
1030,20170101170521,2090,2095,18,208
1031,20170101170521,2100,2105,18,209
1032,20170101170521,2110,2115,18,210
1033,20170101170521,2120,2125,18,211
1034,20170101170521,2130,2135,18,212
1035,20170101170521,2140,2145,18,213
1036,20170101170521,2150,2155,18,214
1037,20170101170521,2160,2165,21,215
1038,20170101170521,2170,2175,21,216
1039,20170101170521,2180,2185,18,217
1040,20170101170521,2190,2195,21,218
1041,20170101170521,2200,2205,21,219
1042,20170101170521,2210,2215,18,220
1043,20170101170521,2220,2225,21,221
1044,20170101170521,2230,2235,5,222
1045,20170101170521,2240,2245,5,223
1046,20170101170521,2250,2255,21,224
1047,20170101170521,2260,2265,21,225
1048,20170101170521,2270,2275,21,226
1049,20170101170521,2280,2285,21,227
1050,20170101170521,2290,2295,21,228
1051,20170101170521,2300,2305,21,229
1052,20170101170521,2310,2315,21,230
1053,20170101170521,2320,2325,21,231
1054,20170101170521,2330,2335,21,232
1055,20170101170521,2340,2345,21,233
1056,20170101170521,2350,2355,21,234
1057,20170101170521,2360,2365,5,235
1058,20170101170521,2370,2375,5,236
1059,20170101170521,2380,2385,5,237
1060,20170101170521,2390,2395,5,238
1061,20170101170521,2400,2405,5,239
1062,20170101170521,2410,2415,21,240
1063,20170101170521,2420,2425,11,241
1064,20170101170521,2430,2435,11,242
1065,20170101170521,2440,2445,21,243
1066,20170101170521,2450,2455,21,244
1067,20170101170521,2460,2465,21,245
1068,20170101170521,2470,2475,5,246
1069,20170101170521,2480,2485,21,247
1070,20170101170521,2490,2495,21,248
1071,20170101170521,2500,2505,5,249
1072,20170101170521,2510,2515,5,250
1073,20170101170521,2520,2525,21,251
1074,20170101170521,2530,2535,21,252
1075,20170101170521,2540,2545,21,253
1076,20170101170521,2550,2555,21,254
1077,20170101170521,2560,2565,21,255
1078,20170101170521,2570,2575,21,256
1079,20170101170521,2580,2585,21,257
1080,20170101170521,2590,2595,21,258
1081,20170101170521,2600,2605,21,259
1082,20170101170521,2610,2615,21,260
1083,20170101170521,2620,2625,21,261
1084,20170101170521,2630,2635,21,262
1085,20170101170521,2640,2645,21,263
1086,20170101170521,2650,2655,21,264
1087,20170101170521,2660,2665,21,265
1088,20170101170521,2670,2675,18,266
1089,20170101170521,2680,2685,18,267
1090,20170101170521,2690,2695,18,268
1091,20170101170521,2700,2705,18,269
1092,20170101170521,2710,2715,18,270
1093,20170101170521,2720,2725,18,271
1094,20170101170521,2730,2735,18,272
1095,20170101170521,2740,2745,21,273
1096,20170101170521,2750,2755,21,274
1097,20170101170521,2760,2765,21,275
1098,20170101170521,2770,2775,21,276
1099,20170101170521,2780,2785,21,277
1100,20170101170521,2790,2795,21,278
1101,20170101170521,2800,2805,21,279
1102,20170101170521,2810,2815,5,280
1103,20170101170521,2820,2825,5,281
1104,20170101170521,2830,2835,5,282
1105,20170101170521,2840,2845,5,283
1106,20170101170521,2850,2855,5,284
1107,20170101170521,2860,2865,5,285
1108,20170101170521,2870,2875,18,286
1109,20170101170521,2880,2885,18,287
1110,20170101170521,2890,2895,18,288
1111,20170101170521,2900,2905,18,289
1112,20170101170521,2910,2915,18,290
1113,20170101170521,2920,2925,5,291
1114,20170101170521,2930,2935,18,292
1115,20170101170521,2940,2945,5,293
1116,20170101170521,2950,2955,5,294
1117,20170101170521,2960,2965,5,295
1118,20170101170521,2970,2975,5,296
1119,20170101170521,2980,2985,5,297
1120,20170101170521,2990,2995,5,298
1121,20170101170521,3000,3005,5,299
1122,20170101170521,3010,3015,5,300
1123,20170101170521,3020,3025,21,301
1124,20170101170521,3030,3035,21,302
1125,20170101170521,3040,3045,21,303
1126,20170101170521,3050,3055,21,304
1127,20170101170521,3060,3065,21,305
1128,20170101170521,3070,3075,5,306
1129,20170101170521,3080,3085,5,307
1130,20170101170521,3090,3095,5,308
1131,20170101170521,3100,3105,21,309
1132,20170101170521,3110,3115,21,310
1133,20170101170521,3120,3125,21,311
1134,20170101170521,3130,3135,21,312
1135,20170101170521,3140,3145,5,313
1136,20170101170521,3150,3155,21,314
1137,20170101170521,3160,3165,21,315
1138,20170101170521,3170,3175,21,316
1139,20170101170521,3180,3185,5,317
1140,20170101170521,3190,3195,5,318
1141,20170101170521,3200,3205,5,319
1142,20170101170521,3210,3215,5,320
1143,20170101170521,3220,3225,5,321
1144,20170101170521,3230,3235,5,322
1145,20170101170521,3240,3245,5,323
1146,20170101170521,3250,3255,5,324
1147,20170101170521,3260,3265,5,325
1148,20170101170521,3270,3275,5,326
1149,20170101170521,3280,3285,21,327
1150,20170101170521,3290,3295,21,328
1151,20170101170521,3300,3305,21,329
1152,20170101170521,3310,3315,11,330
1153,20170101170521,3320,3325,21,331
1154,20170101170521,3330,3335,21,332
1155,20170101170521,3340,3345,21,333
1156,20170101170521,3350,3355,21,334
1157,20170101170521,3360,3365,21,335
1158,20170101170521,3370,3375,21,336
1159,20170101170521,3380,3385,21,337
1160,20170101170521,3390,3395,21,338
1161,20170101170521,3400,3405,21,339
1162,20170101170521,3410,3415,21,340
1163,20170101170521,3420,3425,21,341
1164,20170101170521,3430,3435,21,342
1165,20170101170521,3440,3445,21,343
1166,20170101170521,3450,3455,21,344
1167,20170101170521,3460,3465,21,345
1168,20170101170521,3470,3475,21,346
1169,20170101170521,3480,3485,21,347
1170,20170101170521,3490,3495,21,348
1171,20170101170521,3500,3505,21,349
1172,20170101170521,3510,3515,21,350
1173,20170101170521,3520,3525,21,351
1174,20170101170521,3530,3535,11,352
1175,20170101170521,3540,3545,21,353
1176,20170101170521,3550,3555,21,354
1177,20170101170521,3560,3565,21,355
1178,20170101170521,3570,3575,21,356
1179,20170101170521,3580,3585,21,357
1180,20170101170521,3590,3595,21,358
1181,20170101170521,3600,3605,21,359
1182,20170101170521,3610,3615,21,360
1183,20170101170521,3620,3625,21,361
1184,20170101170521,3630,3635,21,362
1185,20170101170521,3640,3645,21,363
1186,20170101170521,3650,3655,21,364
1187,20170101170521,3660,3665,21,365
1188,20170101170521,3670,3675,21,366
1189,20170101170521,3680,3685,21,367
1190,20170101170521,3690,3695,21,368
1191,20170101170521,3700,3705,21,369
1192,20170101170521,3710,3715,21,370
1193,20170101170521,3720,3725,21,371
1194,20170101170521,3730,3735,21,372
1195,20170101170521,3740,3745,21,373
1196,20170101170521,3750,3755,21,374
1197,20170101170521,3760,3765,21,375
1198,20170101170521,3770,3775,21,376
1199,20170101170521,3780,3785,21,377
1200,20170101170521,3790,3795,21,378
1201,20170101170521,3800,3805,21,379
1202,20170101170521,3810,3815,11,380
1203,20170101170521,3820,3825,11,381
1204,20170101170521,3830,3835,21,382
1205,20170101170521,3840,3845,21,383
1206,20170101170521,3850,3855,21,384
1207,20170101170521,3860,3865,21,385
1208,20170101170521,3870,3875,21,386
1209,20170101170521,3880,3885,21,387
1210,20170101170521,3890,3895,21,388
1211,20170101170521,3900,3905,11,389
1212,20170101170521,3910,3915,5,390
1213,20170101170521,3920,3925,5,391
1214,20170101170521,3930,3935,5,392
1215,20170101170521,3940,3945,5,393
1216,20170101170521,3950,3955,5,394
1217,20170101170521,3960,3965,5,395
1218,20170101170521,3970,3975,5,396
1219,20170101170521,3980,3985,5,397
1220,20170101170521,3990,3995,5,398
1221,20170101170521,4000,4005,5,399
1222,20170101170521,4010,4015,5,400
1223,20170101170521,4020,4025,5,401
1224,20170101170521,4030,4035,11,402
1225,20170101170521,4040,4045,21,403
1226,20170101170521,4050,4055,21,404
1227,20170101170521,4060,4065,11,405
1228,20170101170521,4070,4075,11,406
1229,20170101170521,4080,4085,11,407
1230,20170101170521,4090,4095,11,408
1231,20170101170521,4100,4105,11,409
1232,20170101170521,4110,4115,21,410
1233,20170101170521,4120,4125,21,411
1234,20170101170521,4130,4135,21,412
1235,20170101170521,4140,4145,21,413
1236,20170101170521,4150,4155,21,414
1237,20170101170521,4160,4165,21,415
1238,20170101170521,4170,4175,21,416
1239,20170101170521,4180,4185,21,417
1240,20170101170521,4190,4195,21,418
1241,20170101170521,4200,4205,21,419
1242,20170101170521,4210,4215,21,420
1243,20170101170521,4220,4225,21,421
1244,20170101170521,4230,4235,21,422
1245,20170101170521,4240,4245,21,423
1246,20170101170521,4250,4255,21,424
1247,20170101170521,4260,4265,21,425
1248,20170101170521,4270,4275,21,426
1249,20170101170521,4280,4285,21,427
1250,20170101170521,4290,4295,21,428
1251,20170101170521,4300,4305,21,429
1252,20170101170521,4310,4315,21,430
1253,20170101170521,4320,4325,11,431
1254,20170101170521,4330,4335,21,432
1255,20170101170521,4340,4345,21,433
1256,20170101170521,4350,4355,21,434
1257,20170101170521,4360,4365,11,435
1258,20170101170521,4370,4375,11,436
1259,20170101170521,4380,4385,11,437
1260,20170101170521,4390,4395,11,438
1261,20170101170521,4400,4405,11,439
1262,20170101170521,4410,4415,11,440
1263,20170101170521,4420,4425,11,441
1264,20170101170521,4430,4435,11,442
1265,20170101170521,4440,4445,11,443
1266,20170101170521,4450,4455,11,444
1267,20170101170521,4460,4465,11,445
1268,20170101170521,4470,4475,11,446
1269,20170101170521,4480,4485,11,447
1270,20170101170521,4490,4495,21,448
1271,20170101170521,4500,4505,11,449
1272,20170101170521,4510,4515,21,450
1273,20170101170521,4520,4525,11,451
1274,20170101170521,4530,4535,21,452
1275,20170101170521,4540,4545,21,453
1276,20170101170521,4550,4555,21,454
1277,20170101170521,4560,4565,21,455
1278,20170101170521,4570,4575,21,456
1279,20170101170521,4580,4585,11,457
1280,20170101170521,4590,4595,11,458
1281,20170101170521,4600,4605,11,459
1282,20170101170521,4610,4615,11,460
1283,20170101170521,4620,4625,11,461
1284,20170101170521,4630,4635,11,462
1285,20170101170521,4640,4645,11,463
1286,20170101170521,4650,4655,21,464
1287,20170101170521,4660,4665,21,465
1288,20170101170521,4670,4675,21,466
1289,20170101170521,4680,4685,21,467
1290,20170101170521,4690,4695,21,468
1291,20170101170521,4700,4705,21,469
1292,20170101170521,4710,4715,21,470
1293,20170101170521,4720,4725,5,471
1294,20170101170521,4730,4735,5,472
1295,20170101170521,4740,4745,21,473
1296,20170101170521,4750,4755,21,474
1297,20170101170521,4760,4765,21,475
1298,20170101170521,4770,4775,21,476
1299,20170101170521,4780,4785,21,477
1300,20170101170521,4790,4795,21,478
1301,20170101170521,4800,4805,21,479
1302,20170101170521,4810,4815,21,480
1303,20170101170521,4820,4825,21,481
1304,20170101170521,4830,4835,21,482
1305,20170101170521,4840,4845,21,483
1306,20170101170521,4850,4855,21,484
1307,20170101170521,4860,4865,11,485
1308,20170101170521,4870,4875,11,486
1309,20170101170521,4880,4885,11,487
1310,20170101170521,4890,4895,11,488
1311,20170101170521,4900,4905,11,489
1312,20170101170521,4910,4915,11,490
1313,20170101170521,4920,4925,11,491
1314,20170101170521,4930,4935,11,492
1315,20170101170521,4940,4945,21,493
1316,20170101170521,4950,4955,21,494
1317,20170101170521,4960,4965,21,495
1318,20170101170521,4970,4975,21,496
1319,20170101170521,4980,4985,11,497
1320,20170101170521,4990,4995,21,498
1321,20170101170521,5000,5005,5,499
1322,20170101170521,5010,5015,5,500
1323,20170101170521,5020,5025,21,501
1324,20170101170521,5030,5035,21,502
1325,20170101170521,5040,5045,21,503
1326,20170101170521,5050,5055,5,504
1327,20170101170521,5060,5065,21,505
1328,20170101170521,5070,5075,5,506
1329,20170101170521,5080,5085,5,507
1330,20170101170521,5090,5095,21,508
1331,20170101170521,5100,5105,21,509
1332,20170101170521,5110,5115,5,510
1333,20170101170521,5120,5125,5,511
1334,20170101170521,5130,5135,21,512
1335,20170101170521,5140,5145,21,513
1336,20170101170521,5150,5155,21,514
1337,20170101170521,5160,5165,5,515
1338,20170101170521,5170,5175,5,516
1339,20170101170521,5180,5185,21,517
1340,20170101170521,5190,5195,11,518
1341,20170101170521,5200,5205,21,519
1342,20170101170521,5210,5215,21,520
1343,20170101170521,5220,5225,21,521
1344,20170101170521,5230,5235,11,522
1345,20170101170521,5240,5245,21,523
1346,20170101170521,5250,5255,11,524
1347,20170101170521,5260,5265,21,525
1348,20170101170521,5270,5275,5,526
1349,20170101170521,5280,5285,5,527
1350,20170101170521,5290,5295,5,528
1351,20170101170521,5300,5305,21,529
1352,20170101170521,5310,5315,21,530
1353,20170101170521,5320,5325,21,531
1354,20170101170521,5330,5335,11,532
1355,20170101170521,5340,5345,11,533
1356,20170101170521,5350,5355,11,534
1357,20170101170521,5360,5365,11,535
1358,20170101170521,5370,5375,11,536
1359,20170101170521,5380,5385,11,537
1360,20170101170521,5390,5395,11,538
1361,20170101170521,5400,5405,5,539
1362,20170101170521,5410,5415,5,540
1363,20170101170521,5420,5425,5,541
1364,20170101170521,5430,5435,5,542
1365,20170101170521,5440,5445,5,543
1366,20170101170521,5450,5455,5,544
1367,20170101170521,5460,5465,5,545
1368,20170101170521,5470,5475,5,546
1369,20170101170521,5480,5485,5,547
1370,20170101170521,5490,5495,5,548
1371,20170101170521,5500,5505,5,549
1372,20170101170521,5510,5515,5,550
1373,20170101170521,5520,5525,5,551
1374,20170101170521,5530,5535,5,552
1375,20170101170521,5540,5545,5,553
1376,20170101170521,5550,5555,18,554
1377,20170101170521,5560,5565,18,555
1378,20170101170521,5570,5575,5,556
1379,20170101170521,5580,5585,5,557
1380,20170101170521,5590,5595,5,558
1381,20170101170521,5600,5605,5,559
1382,20170101170521,5610,5615,5,560
1383,20170101170521,5620,5625,5,561
1384,20170101170521,5630,5635,5,562
1385,20170101170521,5640,5645,21,563
1386,20170101170521,5650,5655,21,564
1387,20170101170521,5660,5665,21,565
1388,20170101170521,5670,5675,21,566
1389,20170101170521,5680,5685,21,567
1390,20170101170521,5690,5695,21,568
1391,20170101170521,5700,5705,21,569
1392,20170101170521,5710,5715,21,570
1393,20170101170521,5720,5725,21,571
1394,20170101170521,5730,5735,4,572
1395,20170101170521,5740,5745,4,573
1396,20170101170521,5750,5755,4,574
1397,20170101170521,5760,5765,4,575
1398,20170101170521,5770,5775,4,576
1399,20170101170521,5780,5785,4,577
1400,20170101170521,5790,5795,4,578
1401,20170101170521,5800,5805,4,579
1402,20170101170521,5810,5815,4,580
1403,20170101170521,5820,5825,4,581
1404,20170101170521,5830,5835,4,582
1405,20170101170521,5840,5845,4,583
1406,20170101170521,5850,5855,4,584
1407,20170101170521,5860,5865,5,585
1408,20170101170521,5870,5875,4,586
1409,20170101170521,5880,5885,21,587
1410,20170101170521,5890,5895,4,588
1411,20170101170521,5900,5905,4,589
1412,20170101170521,5910,5915,11,590
1413,20170101170521,5920,5925,18,591
1414,20170101170521,5930,5935,4,592
1415,20170101170521,5940,5945,5,593
1416,20170101170521,5950,5955,4,594
1417,20170101170521,5960,5965,4,595
1418,20170101170521,5970,5975,4,596
1419,20170101170521,5980,5985,4,597
1420,20170101170521,5990,5995,4,598
1421,20170101170521,6000,6005,4,599
1422,20170101170521,6010,6015,4,600
1423,20170101170521,6020,6025,4,601
1424,20170101170521,6030,6035,5,602
1425,20170101170521,6040,6045,4,603
1426,20170101170521,6050,6055,21,604
1427,20170101170521,6060,6065,21,605
1428,20170101170521,6070,6075,21,606
1429,20170101170521,6080,6085,21,607
1430,20170101170521,6090,6095,21,608
1431,20170101170521,6100,6105,21,609
1432,20170101170521,6110,6115,21,610
1433,20170101170521,6120,6125,21,611
1434,20170101170521,6130,6135,21,612
1435,20170101170521,6140,6145,21,613
1436,20170101170521,6150,6155,21,614
1437,20170101170521,6160,6165,21,615
1438,20170101170521,6170,6175,21,616
1439,20170101170521,6180,6185,21,617
1440,20170101170521,6190,6195,21,618
1441,20170101170521,6200,6205,21,619
1442,20170101170521,6210,6215,21,620
1443,20170101170521,6220,6225,21,621
1444,20170101170521,6230,6235,21,622
1445,20170101170521,6240,6245,21,623
1446,20170101170521,6250,6255,21,624
1447,20170101170521,6260,6265,21,625
1448,20170101170521,6270,6275,21,626
1449,20170101170521,6280,6285,21,627
1450,20170101170521,6290,6295,4,628
1451,20170101170521,6300,6305,4,629
1452,20170101170521,6310,6315,4,630
1453,20170101170521,6320,6325,4,631
1454,20170101170521,6330,6335,4,632
1455,20170101170521,6340,6345,3,633
1456,20170101170521,6350,6355,3,634
1457,20170101170521,6360,6365,3,635
1458,20170101170521,6370,6375,3,636
1459,20170101170521,6380,6385,3,637
1460,20170101170521,6390,6395,3,638
1461,20170101170521,6400,6405,3,639
1462,20170101170521,6410,6415,3,640
1463,20170101170521,6420,6425,3,641
1464,20170101170521,6430,6435,3,642
1465,20170101170521,6440,6445,3,643
1466,20170101170521,6450,6455,3,644
1467,20170101170521,6460,6465,3,645
1468,20170101170521,6470,6475,3,646
1469,20170101170521,6480,6485,3,647
1470,20170101170521,6490,6495,3,648
1471,20170101170521,6500,6505,3,649
1472,20170101170521,6510,6515,3,650
1473,20170101170521,6520,6525,3,651
1474,20170101170522,20,25,5,1
1475,20170101170522,30,35,5,2
1476,20170101170522,40,45,8,3
1477,20170101170522,50,55,5,4
1478,20170101170522,60,65,5,5
1479,20170101170522,70,75,5,6
1480,20170101170522,80,85,21,7
1481,20170101170522,90,95,21,8
1482,20170101170522,100,105,21,9
1483,20170101170522,110,115,21,10
1484,20170101170522,120,125,21,11
1485,20170101170522,130,135,21,12
1486,20170101170522,140,145,21,13
1487,20170101170522,150,155,21,14
1488,20170101170522,160,165,21,15
1489,20170101170522,170,175,14,16
1490,20170101170522,180,185,14,17
1491,20170101170522,190,195,14,18
1492,20170101170522,200,205,14,19
1493,20170101170522,210,215,14,20
1494,20170101170522,220,225,14,21
1495,20170101170522,230,235,14,22
1496,20170101170522,240,245,14,23
1497,20170101170522,250,255,14,24
1498,20170101170522,260,265,14,25
1499,20170101170522,270,275,11,26
1500,20170101170522,280,285,16,27
1501,20170101170522,290,295,21,28
1502,20170101170522,300,305,21,29
1503,20170101170522,310,315,16,30
1504,20170101170522,320,325,5,31
1505,20170101170522,330,335,5,32
1506,20170101170522,340,345,11,33
1507,20170101170522,350,355,5,34
1508,20170101170522,360,365,5,35
1509,20170101170522,370,375,5,36
1510,20170101170522,380,385,5,37
1511,20170101170522,390,395,5,38
1512,20170101170522,400,405,5,39
1513,20170101170522,410,415,5,40
1514,20170101170522,420,425,5,41
1515,20170101170522,430,435,5,42
1516,20170101170522,440,445,5,43
1517,20170101170522,450,455,11,44
1518,20170101170522,460,465,5,45
1519,20170101170522,470,475,11,46
1520,20170101170522,480,485,14,47
1521,20170101170522,490,495,14,48
1522,20170101170522,500,505,5,49
1523,20170101170522,510,515,5,50
1524,20170101170522,520,525,5,51
1525,20170101170522,530,535,5,52
1526,20170101170522,540,545,5,53
1527,20170101170522,550,555,5,54
1528,20170101170522,560,565,14,55
1529,20170101170522,570,575,18,56
1530,20170101170522,580,585,5,57
1531,20170101170522,590,595,5,58
1532,20170101170522,600,605,5,59
1533,20170101170522,610,615,5,60
1534,20170101170522,620,625,5,61
1535,20170101170522,630,635,18,62
1536,20170101170522,640,645,18,63
1537,20170101170522,650,655,11,64
1538,20170101170522,660,665,18,65
1539,20170101170522,670,675,18,66
1540,20170101170522,680,685,18,67
1541,20170101170522,690,695,18,68
1542,20170101170522,700,705,18,69
1543,20170101170522,710,715,18,70
1544,20170101170522,720,725,5,71
1545,20170101170522,730,735,5,72
1546,20170101170522,740,745,11,73
1547,20170101170522,750,755,11,74
1548,20170101170522,760,765,11,75
1549,20170101170522,770,775,11,76
1550,20170101170522,780,785,18,77
1551,20170101170522,790,795,18,78
1552,20170101170522,800,805,11,79
1553,20170101170522,810,815,11,80
1554,20170101170522,820,825,11,81
1555,20170101170522,830,835,18,82
1556,20170101170522,840,845,18,83
1557,20170101170522,850,855,18,84
1558,20170101170522,860,865,18,85
1559,20170101170522,870,875,18,86
1560,20170101170522,880,885,18,87
1561,20170101170522,890,895,18,88
1562,20170101170522,900,905,18,89
1563,20170101170522,910,915,18,90
1564,20170101170522,920,925,18,91
1565,20170101170522,930,935,18,92
1566,20170101170522,940,945,6,93
1567,20170101170522,950,955,6,94
1568,20170101170522,960,965,6,95
1569,20170101170522,970,975,18,96
1570,20170101170522,980,985,18,97
1571,20170101170522,990,995,18,98
1572,20170101170522,1000,1005,6,99
1573,20170101170522,1010,1015,11,100
1574,20170101170522,1020,1025,18,101
1575,20170101170522,1030,1035,18,102
1576,20170101170522,1040,1045,18,103
1577,20170101170522,1050,1055,18,104
1578,20170101170522,1060,1065,18,105
1579,20170101170522,1070,1075,18,106
1580,20170101170522,1080,1085,5,107
1581,20170101170522,1090,1095,5,108
1582,20170101170522,1100,1105,5,109
1583,20170101170522,1110,1115,5,110
1584,20170101170522,1120,1125,21,111
1585,20170101170522,1130,1135,21,112
1586,20170101170522,1140,1145,5,113
1587,20170101170522,1150,1155,5,114
1588,20170101170522,1160,1165,5,115
1589,20170101170522,1170,1175,5,116
1590,20170101170522,1180,1185,5,117
1591,20170101170522,1190,1195,5,118
1592,20170101170522,1200,1205,5,119
1593,20170101170522,1210,1215,5,120
1594,20170101170522,1220,1225,5,121
1595,20170101170522,1230,1235,5,122
1596,20170101170522,1240,1245,5,123
1597,20170101170522,1250,1255,21,124
1598,20170101170522,1260,1265,21,125
1599,20170101170522,1270,1275,21,126
1600,20170101170522,1280,1285,21,127
1601,20170101170522,1290,1295,21,128
1602,20170101170522,1300,1305,5,129
1603,20170101170522,1310,1315,5,130
1604,20170101170522,1320,1325,5,131
1605,20170101170522,1330,1335,5,132
1606,20170101170522,1340,1345,5,133
1607,20170101170522,1350,1355,5,134
1608,20170101170522,1360,1365,21,135
1609,20170101170522,1370,1375,5,136
1610,20170101170522,1380,1385,5,137
1611,20170101170522,1390,1395,21,138
1612,20170101170522,1400,1405,21,139
1613,20170101170522,1410,1415,5,140
1614,20170101170522,1420,1425,5,141
1615,20170101170522,1430,1435,5,142
1616,20170101170522,1440,1445,5,143
1617,20170101170522,1450,1455,5,144
1618,20170101170522,1460,1465,5,145
1619,20170101170522,1470,1475,5,146
1620,20170101170522,1480,1485,5,147
1621,20170101170522,1490,1495,5,148
1622,20170101170522,1500,1505,5,149
1623,20170101170522,1510,1515,5,150
1624,20170101170522,1520,1525,5,151
1625,20170101170522,1530,1535,5,152
1626,20170101170522,1540,1545,5,153
1627,20170101170522,1550,1555,5,154
1628,20170101170522,1560,1565,5,155
1629,20170101170522,1570,1575,5,156
1630,20170101170522,1580,1585,5,157
1631,20170101170522,1590,1595,5,158
1632,20170101170522,1600,1605,5,159
1633,20170101170522,1610,1615,5,160
1634,20170101170522,1620,1625,5,161
1635,20170101170522,1630,1635,5,162
1636,20170101170522,1640,1645,5,163
1637,20170101170522,1650,1655,5,164
1638,20170101170522,1660,1665,5,165
1639,20170101170522,1670,1675,5,166
1640,20170101170522,1680,1685,5,167
1641,20170101170522,1690,1695,5,168
1642,20170101170522,1700,1705,21,169
1643,20170101170522,1710,1715,21,170
1644,20170101170522,1720,1725,21,171
1645,20170101170522,1730,1735,21,172
1646,20170101170522,1740,1745,21,173
1647,20170101170522,1750,1755,21,174
1648,20170101170522,1760,1765,21,175
1649,20170101170522,1770,1775,21,176
1650,20170101170522,1780,1785,21,177
1651,20170101170522,1790,1795,21,178
1652,20170101170522,1800,1805,21,179
1653,20170101170522,1810,1815,21,180
1654,20170101170522,1820,1825,21,181
1655,20170101170522,1830,1835,21,182
1656,20170101170522,1840,1845,21,183
1657,20170101170522,1850,1855,21,184
1658,20170101170522,1860,1865,21,185
1659,20170101170522,1870,1875,21,186
1660,20170101170522,1880,1885,21,187
1661,20170101170522,1890,1895,21,188
1662,20170101170522,1900,1905,21,189
1663,20170101170522,1910,1915,5,190
1664,20170101170522,1920,1925,5,191
1665,20170101170522,1930,1935,5,192
1666,20170101170522,1940,1945,5,193
1667,20170101170522,1950,1955,5,194
1668,20170101170522,1960,1965,21,195
1669,20170101170522,1970,1975,21,196
1670,20170101170522,1980,1985,21,197
1671,20170101170522,1990,1995,5,198
1672,20170101170522,2000,2005,5,199
1673,20170101170522,2010,2015,5,200
1674,20170101170522,2020,2025,5,201
1675,20170101170522,2030,2035,21,202
1676,20170101170522,2040,2045,5,203
1677,20170101170522,2050,2055,5,204
1678,20170101170522,2060,2065,5,205
1679,20170101170522,2070,2075,21,206
1680,20170101170522,2080,2085,21,207
1681,20170101170522,2090,2095,21,208
1682,20170101170522,2100,2105,21,209
1683,20170101170522,2110,2115,21,210
1684,20170101170522,2120,2125,21,211
1685,20170101170522,2130,2135,21,212
1686,20170101170522,2140,2145,21,213
1687,20170101170522,2150,2155,21,214
1688,20170101170522,2160,2165,21,215
1689,20170101170522,2170,2175,5,216
1690,20170101170522,2180,2185,5,217
1691,20170101170522,2190,2195,5,218
1692,20170101170522,2200,2205,5,219
1693,20170101170522,2210,2215,5,220
1694,20170101170522,2220,2225,5,221
1695,20170101170522,2230,2235,5,222
1696,20170101170522,2240,2245,5,223
1697,20170101170522,2250,2255,5,224
1698,20170101170522,2260,2265,5,225
1699,20170101170522,2270,2275,5,226
1700,20170101170522,2280,2285,5,227
1701,20170101170522,2290,2295,5,228
1702,20170101170522,2300,2305,5,229
1703,20170101170522,2310,2315,5,230
1704,20170101170522,2320,2325,5,231
1705,20170101170522,2330,2335,5,232
1706,20170101170522,2340,2345,5,233
1707,20170101170522,2350,2355,5,234
1708,20170101170522,2360,2365,5,235
1709,20170101170522,2370,2375,5,236
1710,20170101170522,2380,2385,5,237
1711,20170101170522,2390,2395,5,238
1712,20170101170522,2400,2405,5,239
1713,20170101170522,2410,2415,5,240
1714,20170101170522,2420,2425,5,241
1715,20170101170522,2430,2435,5,242
1716,20170101170522,2440,2445,5,243
1717,20170101170522,2450,2455,5,244
1718,20170101170522,2460,2465,5,245
1719,20170101170522,2470,2475,5,246
1720,20170101170522,2480,2485,5,247
1721,20170101170522,2490,2495,5,248
1722,20170101170522,2500,2505,5,249
1723,20170101170522,2510,2515,5,250
1724,20170101170522,2520,2525,5,251
1725,20170101170522,2530,2535,5,252
1726,20170101170522,2540,2545,5,253
1727,20170101170522,2550,2555,5,254
1728,20170101170522,2560,2565,5,255
1729,20170101170522,2570,2575,5,256
1730,20170101170522,2580,2585,5,257
1731,20170101170522,2590,2595,5,258
1732,20170101170522,2600,2605,5,259
1733,20170101170522,2610,2615,5,260
1734,20170101170522,2620,2625,5,261
1735,20170101170522,2630,2635,5,262
1736,20170101170522,2640,2645,5,263
1737,20170101170522,2650,2655,5,264
1738,20170101170522,2660,2665,5,265
1739,20170101170522,2670,2675,5,266
1740,20170101170522,2680,2685,5,267
1741,20170101170522,2690,2695,5,268
1742,20170101170522,2700,2705,5,269
1743,20170101170522,2710,2715,5,270
1744,20170101170522,2720,2725,5,271
1745,20170101170522,2730,2735,5,272
1746,20170101170522,2740,2745,5,273
1747,20170101170522,2750,2755,5,274
1748,20170101170522,2760,2765,5,275
1749,20170101170522,2770,2775,5,276
1750,20170101170522,2780,2785,5,277
1751,20170101170522,2790,2795,11,278
1752,20170101170522,2800,2805,11,279
1753,20170101170522,2810,2815,11,280
1754,20170101170522,2820,2825,11,281
1755,20170101170522,2830,2835,11,282
1756,20170101170522,2840,2845,11,283
1757,20170101170522,2850,2855,11,284
1758,20170101170522,2860,2865,11,285
1759,20170101170522,2870,2875,11,286
1760,20170101170522,2880,2885,11,287
1761,20170101170522,2890,2895,5,288
1762,20170101170522,2900,2905,5,289
1763,20170101170522,2910,2915,5,290
1764,20170101170522,2920,2925,5,291
1765,20170101170522,2930,2935,5,292
1766,20170101170522,2940,2945,5,293
1767,20170101170522,2950,2955,5,294
1768,20170101170522,2960,2965,5,295
1769,20170101170522,2970,2975,5,296
1770,20170101170522,2980,2985,5,297
1771,20170101170522,2990,2995,5,298
1772,20170101170522,3000,3005,5,299
1773,20170101170522,3010,3015,5,300
1774,20170101170522,3020,3025,5,301
1775,20170101170522,3030,3035,5,302
1776,20170101170522,3040,3045,5,303
1777,20170101170522,3050,3055,5,304
1778,20170101170522,3060,3065,19,305
1779,20170101170522,3070,3075,5,306
1780,20170101170522,3080,3085,5,307
1781,20170101170522,3090,3095,5,308
1782,20170101170522,3100,3105,5,309
1783,20170101170522,3110,3115,19,310
1784,20170101170522,3120,3125,5,311
1785,20170101170522,3130,3135,19,312
1786,20170101170522,3140,3145,5,313
1787,20170101170522,3150,3155,5,314
1788,20170101170522,3160,3165,5,315
1789,20170101170522,3170,3175,5,316
1790,20170101170522,3180,3185,5,317
1791,20170101170522,3190,3195,5,318
1792,20170101170522,3200,3205,5,319
1793,20170101170522,3210,3215,5,320
1794,20170101170522,3220,3225,5,321
1795,20170101170522,3230,3235,5,322
1796,20170101170522,3240,3245,5,323
1797,20170101170522,3250,3255,5,324
1798,20170101170522,3260,3265,5,325
1799,20170101170522,3270,3275,5,326
1800,20170101170522,3280,3285,5,327
1801,20170101170522,3290,3295,5,328
1802,20170101170522,3300,3305,5,329
1803,20170101170522,3310,3315,5,330
1804,20170101170522,3320,3325,5,331
1805,20170101170522,3330,3335,5,332
1806,20170101170522,3340,3345,5,333
1807,20170101170522,3350,3355,5,334
1808,20170101170522,3360,3365,5,335
1809,20170101170522,3370,3375,5,336
1810,20170101170522,3380,3385,5,337
1811,20170101170522,3390,3395,5,338
1812,20170101170522,3400,3405,5,339
1813,20170101170522,3410,3415,5,340
1814,20170101170522,3420,3425,5,341
1815,20170101170522,3430,3435,5,342
1816,20170101170522,3440,3445,5,343
1817,20170101170522,3450,3455,5,344
1818,20170101170522,3460,3465,5,345
1819,20170101170522,3470,3475,5,346
1820,20170101170522,3480,3485,5,347
1821,20170101170522,3490,3495,5,348
1822,20170101170522,3500,3505,5,349
1823,20170101170522,3510,3515,5,350
1824,20170101170522,3520,3525,5,351
1825,20170101170522,3530,3535,5,352
1826,20170101170522,3540,3545,5,353
1827,20170101170522,3550,3555,5,354
1828,20170101170522,3560,3565,5,355
1829,20170101170522,3570,3575,21,356
1830,20170101170522,3580,3585,21,357
1831,20170101170522,3590,3595,5,358
1832,20170101170522,3600,3605,5,359
1833,20170101170522,3610,3615,5,360
1834,20170101170522,3620,3625,5,361
1835,20170101170522,3630,3635,5,362
1836,20170101170522,3640,3645,5,363
1837,20170101170522,3650,3655,5,364
1838,20170101170522,3660,3665,5,365
1839,20170101170522,3670,3675,5,366
1840,20170101170522,3680,3685,5,367
1841,20170101170522,3690,3695,5,368
1842,20170101170522,3700,3705,5,369
1843,20170101170522,3710,3715,5,370
1844,20170101170522,3720,3725,5,371
1845,20170101170522,3730,3735,5,372
1846,20170101170522,3740,3745,5,373
1847,20170101170522,3750,3755,5,374
1848,20170101170522,3760,3765,5,375
1849,20170101170522,3770,3775,5,376
1850,20170101170522,3780,3785,5,377
1851,20170101170522,3790,3795,5,378
1852,20170101170522,3800,3805,5,379
1853,20170101170522,3810,3815,5,380
1854,20170101170522,3820,3825,5,381
1855,20170101170522,3830,3835,5,382
1856,20170101170522,3840,3845,5,383
1857,20170101170522,3850,3855,21,384
1858,20170101170522,3860,3865,21,385
1859,20170101170522,3870,3875,5,386
1860,20170101170522,3880,3885,5,387
1861,20170101170522,3890,3895,5,388
1862,20170101170522,3900,3905,21,389
1863,20170101170522,3910,3915,5,390
1864,20170101170522,3920,3925,21,391
1865,20170101170522,3930,3935,21,392
1866,20170101170522,3940,3945,5,393
1867,20170101170522,3950,3955,5,394
1868,20170101170522,3960,3965,21,395
1869,20170101170522,3970,3975,21,396
1870,20170101170522,3980,3985,5,397
1871,20170101170522,3990,3995,5,398
1872,20170101170522,4000,4005,11,399
1873,20170101170522,4010,4015,11,400
1874,20170101170522,4020,4025,21,401
1875,20170101170522,4030,4035,5,402
1876,20170101170522,4040,4045,5,403
1877,20170101170522,4050,4055,5,404
1878,20170101170522,4060,4065,5,405
1879,20170101170522,4070,4075,5,406
1880,20170101170522,4080,4085,5,407
1881,20170101170522,4090,4095,5,408
1882,20170101170522,4100,4105,5,409
1883,20170101170522,4110,4115,21,410
1884,20170101170522,4120,4125,21,411
1885,20170101170522,4130,4135,21,412
1886,20170101170522,4140,4145,21,413
1887,20170101170522,4150,4155,21,414
1888,20170101170522,4160,4165,21,415
1889,20170101170522,4170,4175,21,416
1890,20170101170522,4180,4185,21,417
1891,20170101170522,4190,4195,21,418
1892,20170101170522,4200,4205,21,419
1893,20170101170522,4210,4215,21,420
1894,20170101170522,4220,4225,21,421
1895,20170101170522,4230,4235,21,422
1896,20170101170522,4240,4245,21,423
1897,20170101170522,4250,4255,5,424
1898,20170101170522,4260,4265,5,425
1899,20170101170522,4270,4275,5,426
1900,20170101170522,4280,4285,5,427
1901,20170101170522,4290,4295,18,428
1902,20170101170522,4300,4305,5,429
1903,20170101170522,4310,4315,5,430
1904,20170101170522,4320,4325,5,431
1905,20170101170522,4330,4335,18,432
1906,20170101170522,4340,4345,5,433
1907,20170101170522,4350,4355,4,434
1908,20170101170522,4360,4365,18,435
1909,20170101170522,4370,4375,18,436
1910,20170101170522,4380,4385,18,437
1911,20170101170522,4390,4395,18,438
1912,20170101170522,4400,4405,4,439
1913,20170101170522,4410,4415,4,440
1914,20170101170522,4420,4425,18,441
1915,20170101170522,4430,4435,4,442
1916,20170101170522,4440,4445,5,443
1917,20170101170522,4450,4455,5,444
1918,20170101170523,20,25,8,1
1919,20170101170523,30,35,8,2
1920,20170101170523,40,45,5,3
1921,20170101170523,50,55,8,4
1922,20170101170523,60,65,8,5
1923,20170101170523,70,75,8,6
1924,20170101170523,80,85,8,7
1925,20170101170523,90,95,11,8
1926,20170101170523,100,105,11,9
1927,20170101170523,110,115,5,10
1928,20170101170523,120,125,16,11
1929,20170101170523,130,135,19,12
1930,20170101170523,140,145,19,13
1931,20170101170523,150,155,19,14
1932,20170101170523,160,165,19,15
1933,20170101170523,170,175,14,16
1934,20170101170523,180,185,11,17
1935,20170101170523,190,195,5,18
1936,20170101170523,200,205,5,19
1937,20170101170523,210,215,5,20
1938,20170101170523,220,225,18,21
1939,20170101170523,230,235,18,22
1940,20170101170523,240,245,18,23
1941,20170101170523,250,255,18,24
1942,20170101170523,260,265,18,25
1943,20170101170523,270,275,5,26
1944,20170101170523,280,285,18,27
1945,20170101170523,290,295,18,28
1946,20170101170523,300,305,18,29
1947,20170101170523,310,315,18,30
1948,20170101170523,320,325,18,31
1949,20170101170523,330,335,11,32
1950,20170101170523,340,345,11,33
1951,20170101170523,350,355,11,34
1952,20170101170523,360,365,18,35
1953,20170101170523,370,375,18,36
1954,20170101170523,380,385,18,37
1955,20170101170523,390,395,18,38
1956,20170101170523,400,405,18,39
1957,20170101170523,410,415,18,40
1958,20170101170523,420,425,11,41
1959,20170101170523,430,435,18,42
